<?xml version="1.0" encoding="UTF-8" standalone="yes"?>
<addon id="script.kodihelp.popup" name="Welcome Center" version="1.1.0" provider-name="AJG Sports Talk">
	<requires>
		<import addon="xbmc.python" version="2.14.0"/>
	</requires>
	<extension point="xbmc.python.script" library="addon.py">
		<provides>executable</provides>
	</extension>
	<extension point="xbmc.addon.metadata">
		<platform>all</platform>
		<summary lang="en">Popup kodihelp</summary>
		<description lang="en">Example Script to show popup window</description>
		<license>GNU General Public License, v2</license>
		<language></language>
		
	</extension>
</addon>
