<?xml version="1.3" encoding="UTF-8" standalone="yes"?>
<addon id="plugin.video.worldnation"
	name="WorldTV Nation"
	version="1.3"
	provider-name="AJG Sports Talk">
   < extension point="xbmc.python.script" library="addon.py">
	<requires>
		<import addon="xbmc.python" version="2.19.0" />
		<import addon="repository.exodus" version="1.0.0" />
		<import addon="script.exodus.artwork" version="1.0.4" />
		<import addon="script.exodus.metadata" version="1.0.0" />
		<import addon="script.module.urlresolver" version="3.0.0" />
		<import addon="script.module.metahandler" version="1.0.0" />
	</requires>
	<extension point="xbmc.python.pluginsource" library="exodus.py">
		<provides>video</provides>
	</extension>
</addon>
