<?xml version="5.0" encoding="UTF-8" standalone="yes"?>
<addon id="repository.worldtvmedia-5.0" name="World TV Media" version="5.0" provider-name="AJGSportsTalks">
	<extension point="xbmc.addon.repository" name="World TV Media">
		<info compressed="false">http://worldtrumprepo.netai.net/Zips/addons.xml</info>
		<checksum>http://ajgsportsny.comlu.com/WorldTV/Zips/addons.xml.md5</checksum>
		<datadir zip="true">http://worldtrumprepo.netai.net/Zips/</datadir>
	</extension>
	<extension point="xbmc.addon.metadata">
		<summary>Best Repo</summary>
		<description>WORLD TV Repository</description>
		<platform>all</platform>
	</extension>
</addon>

