<?xml version="1.0" encoding="UTF-8" standalone="yes"?>
<addon id="plugin.program.worldtvmantiance" version="1.0.0"
	name="WorldTV Mantiance" provider-name="AJGSportsTalk">
	<requires>
		<import addon="xbmc.python" version="2.1.0"/>
	</requires>
    <extension point="xbmc.python.pluginsource" library="default.py">
        <provides>video executable </provides>
    </extension>
    <extension point="xbmc.service" library="service.py" start="startup"/>
    <extension point="xbmc.addon.metadata">
        <summary lang="en">WorldTV Media Center at its best with all cleaning Features</summary>
        <description lang="en"></description>
        <disclaimer lang="en">Love our ADDON TOTALLY FREE</disclaimer>
        <language>en</language>
        <platform>all</platform>
        <forum></forum>
        <website></website>
        <source></source>
        <email></email>
    </extension>
</addon>
